mse,mae,r2,evs
5.268349195830524e-05,0.004100593272596598,0.26099589964544234,0.2643541097640991
