mse,mae,r2,evs
5.05243478983175e-05,0.003725834423676133,0.3458160235947465,0.3458232283592224
