mse,mae,r2,evs
4.101868034922518e-05,0.0032005291432142258,0.36934713713056333,0.3760915994644165
