mse,mae,r2,evs
5.521611456060782e-05,0.003979694098234177,0.2385694093716152,0.2393130660057068
