mse,mae,r2,evs
0.00010513200686546043,0.006818805821239948,-0.4166323799023457,-0.36214423179626465
