mse,mae,r2,evs
5.0415714213158935e-05,0.003580955322831869,0.27830197103608856,0.28460144996643066
