mse,mae,r2,evs
5220.0478515625,53.08631134033203,0.8077926002308988,0.8081784248352051
