mse,mae,r2,evs
4095.37841796875,47.006954193115234,0.8505483652263875,0.8509724736213684
