mse,mae,r2,evs
5695.666015625,55.14883041381836,0.7913148348172637,0.8036901950836182
