mse,mae,r2,evs
6055.2626953125,57.365177154541016,0.7850168238221101,0.7904277443885803
