mse,mae,r2,evs
6421.30322265625,60.446754455566406,0.7687287123616144,0.7865064144134521
