mse,mae,r2,evs
6.138019367060752e-05,0.004397594016330822,0.11158418926243163,0.1116132564264698
