mse,mae,r2,evs
5.388658972956447e-05,0.004289544948363248,0.0856108933733426,0.08604418542083991
