mse,mae,r2,evs
5.7301671807531425e-05,0.004267238680809067,0.10301630101351034,0.10431266445939391
