mse,mae,r2,evs
8.054379594224886e-05,0.0048256791438897745,0.05725895801576164,0.06160068000004826
