mse,mae,r2,evs
5.988617491124828e-05,0.004399652958450342,0.11222606870037555,0.11287209937230858
