mse,mae,r2,evs
5.7835048823156365e-05,0.004301167464271614,0.0949368559575191,0.09512560930054714
