mse,mae,r2,evs
5.791080497857997e-05,0.004267982997122355,0.06242562568493537,0.06360656411031118
