mse,mae,r2,evs
5.966692804418722e-05,0.004287888643143844,0.09983379988828078,0.09983386674656314
