mse,mae,r2,evs
5.847095002183151e-05,0.004333900207201354,0.10085841339979418,0.10114128943537781
