mse,mae,r2,evs
5.645554566605794e-05,0.0043410578730501935,0.0871883321694863,0.08753967295609577
