mse,mae,r2,evs
5.488522320997812e-05,0.0041316206100144364,0.10857699791746545,0.10929052003219697
