mse,mae,r2,evs
6.54943957646768e-05,0.004567188045665995,0.0639742315957943,0.06425349390111257
