mse,mae,r2,evs
5.636639051656078e-05,0.00424932500015843,0.11366945202983192,0.11382505784287633
