mse,mae,r2,evs
7.134512237988074e-05,0.004567823472492658,0.060742612451500255,0.060798748626441856
