mse,mae,r2,evs
7.537256138400728e-05,0.004654851203800506,0.08491056351768578,0.08718942059996426
