mse,mae,r2,evs
6.561103136816637e-05,0.004486679734631588,0.08726127878183376,0.08749259552324395
