mse,mae,r2,evs
6.623067321008357e-05,0.004444752551683186,0.056020139439168615,0.05602117361191439
