mse,mae,r2,evs
6.91787295641718e-05,0.004448919124662339,0.1209374226401777,0.12116771066186982
