mse,mae,r2,evs
6.806936565652095e-05,0.004462970659598874,0.07220905556302915,0.07222075274796158
