mse,mae,r2,evs
6.767094694617845e-05,0.004474810061428304,0.08711316331726537,0.08773177468720139
