mse,mae,r2,evs
7.962776319507374e-05,0.0048489278705199645,0.05539005889346005,0.05981153313731191
