mse,mae,r2,evs
6.644036119118812e-05,0.00442026041646748,0.10105318350757475,0.1012908781829358
