mse,mae,r2,evs
6.471131436757941e-05,0.004365134383091456,0.07951942322096162,0.07960991362321679
