mse,mae,r2,evs
5.290500067895397e-05,0.004283749966569633,0.10045242135557764,0.10127660732380994
