mse,mae,r2,evs
6.343024403099156e-05,0.004362708711389686,0.08699080472740006,0.08700213314339744
