mse,mae,r2,evs
6.510431286344268e-05,0.004383563321522345,0.11300385641228416,0.11301388862336248
