mse,mae,r2,evs
6.982141045131678e-05,0.0045477007964403,0.090652695439016,0.09123416721523159
