mse,mae,r2,evs
4.7950675351976227e-05,0.004153885022043568,0.05579491391521085,0.06335721614945
