mse,mae,r2,evs
5.44902817788655e-05,0.004271847401393255,0.12163970414592684,0.12218415829376095
