mse,mae,r2,evs
5.66858346153211e-05,0.004195230074366999,0.08894302677950905,0.08966978347186882
