mse,mae,r2,evs
4.728161840212181e-05,0.004149111578250851,0.05849782844882179,0.0639003877116413
