mse,mae,r2,evs
7.319011990651918e-05,0.004678341671901357,0.0853659736100707,0.08707897191020753
