,mse,mae,r2,evs
1,8.054379594224886e-05,0.0048256791438897745,0.05725895801576164,0.06160068000004826
2,5.791080497857997e-05,0.004267982997122355,0.06242562568493537,0.06360656411031118
3,6.54943957646768e-05,0.004567188045665995,0.0639742315957943,0.06425349390111257
4,7.134512237988074e-05,0.004567823472492658,0.060742612451500255,0.060798748626441856
5,6.623067321008357e-05,0.004444752551683186,0.056020139439168615,0.05602117361191439
6,7.962776319507374e-05,0.0048489278705199645,0.05539005889346005,0.05981153313731191
7,4.7950675351976227e-05,0.004153885022043568,0.05579491391521085,0.06335721614945
8,4.728161840212181e-05,0.004149111578250851,0.05849782844882179,0.0639003877116413
