,mse,mae,r2,evs
1,5.7301671807531425e-05,0.004267238680809067,0.10301630101351034,0.10431266445939391
2,5.966692804418722e-05,0.004287888643143844,0.09983379988828078,0.09983386674656314
3,5.847095002183151e-05,0.004333900207201354,0.10085841339979418,0.10114128943537781
4,7.537256138400728e-05,0.004654851203800506,0.08491056351768578,0.08718942059996426
5,6.767094694617845e-05,0.004474810061428304,0.08711316331726537,0.08773177468720139
6,5.290500067895397e-05,0.004283749966569633,0.10045242135557764,0.10127660732380994
7,6.982141045131678e-05,0.0045477007964403,0.090652695439016,0.09123416721523159
8,5.66858346153211e-05,0.004195230074366999,0.08894302677950905,0.08966978347186882
