,mse,mae,r2,evs
1,5.388658972956447e-05,0.004289544948363248,0.0856108933733426,0.08604418542083991
2,5.7835048823156365e-05,0.004301167464271614,0.0949368559575191,0.09512560930054714
3,5.645554566605794e-05,0.0043410578730501935,0.0871883321694863,0.08753967295609577
4,6.561103136816637e-05,0.004486679734631588,0.08726127878183376,0.08749259552324395
5,6.806936565652095e-05,0.004462970659598874,0.07220905556302915,0.07222075274796158
6,6.471131436757941e-05,0.004365134383091456,0.07951942322096162,0.07960991362321679
7,6.343024403099156e-05,0.004362708711389686,0.08699080472740006,0.08700213314339744
8,7.319011990651918e-05,0.004678341671901357,0.0853659736100707,0.08707897191020753
