mse,mae,r2,evs
7.10479442358218e-05,0.0035069366427709038,0.06342875592976671,0.15654030707887945
