mse,mae,r2,evs
0.0009416150615848905,0.0299631343247443,-11.944731616730584,2.220446049250313e-16
