mse,mae,r2,evs
0.0009598382071456987,0.030459386520335655,-15.811295965906144,0.0
