mse,mae,r2,evs
4.671741168424762e-05,0.0029006559931420636,0.10873553220584531,0.19352296576500028
