mse,mae,r2,evs
0.000947135599081157,0.030207010902243796,-10.458274238747531,0.0
