mse,mae,r2,evs
0.0009414011125208737,0.030019403782891186,-11.76410947015552,0.0
