mse,mae,r2,evs
0.0009451150300015758,0.030166943937045283,-12.41788476958708,0.0
