mse,mae,r2,evs
5.973628232042505e-05,0.0031666473434113175,0.07411504870530583,0.1603996105526856
