mse,mae,r2,evs
0.0009329487739075622,0.029895644091617372,-10.141790351707863,0.0
