mse,mae,r2,evs
0.000951886754901203,0.030312701378177355,-16.537520188919274,0.0
