mse,mae,r2,evs
0.0009540668341369039,0.0303726729079816,-12.192038178848195,2.220446049250313e-16
