mse,mae,r2,evs
0.0009383226608616408,0.029978100778354343,-13.789376791577618,0.0
