mse,mae,r2,evs
0.0009318465288652152,0.02990584230324835,-11.52789942551559,-2.220446049250313e-16
