mse,mae,r2,evs
7.788503121154906e-05,0.0034861575549498904,0.09017937110804786,0.17529109161723122
