mse,mae,r2,evs
0.000947217926305581,0.03020394281396481,-11.91284863697917,0.0
