mse,mae,r2,evs
0.0009435896155497971,0.030170092266213182,-13.51529206159215,0.0
