mse,mae,r2,evs
0.0009415915591121016,0.030086065227282296,-11.595233483476985,0.0
