mse,mae,r2,evs
5.932923591477515e-05,0.0031145952616854107,0.06748901509957361,0.15021765779476115
