mse,mae,r2,evs
0.0009442200172380833,0.030156879711653657,-15.779278127315564,0.0
