mse,mae,r2,evs
0.0009540588312204354,0.030393638462682802,-14.490816981421785,0.0
