mse,mae,r2,evs
7.610840723214916e-05,0.0034952374855740744,0.05380826506330727,0.13774870210499968
