mse,mae,r2,evs
0.0009402693381626577,0.030029036494074738,-11.874866156551356,0.0
