mse,mae,r2,evs
0.0009520834539731354,0.030314656459080592,-13.659187522059119,0.0
