mse,mae,r2,evs
0.0009549481014525017,0.030411195479410888,-13.993382234608697,0.0
