mse,mae,r2,evs
7.45191630972007e-05,0.0034234347196894182,0.0590322904204984,0.14206274497434523
