mse,mae,r2,evs
0.0009470671218529897,0.03024346456936152,-12.823766086640681,0.0
