mse,mae,r2,evs
0.0009363459102486186,0.02995314248802511,-10.694462534398214,0.0
