mse,mae,r2,evs
5.309879334249211e-05,0.0030839461140651225,0.07419117045721568,0.15762764639989346
