mse,mae,r2,evs
0.0009509597669371673,0.030328404438544655,-14.08866726391619,2.220446049250313e-16
