mse,mae,r2,evs
5.045421261273522e-05,0.002992855618652205,0.0775075626480346,0.16576620005579323
