mse,mae,r2,evs
0.0009437260802211848,0.030160384711651462,-11.940126264749473,-2.220446049250313e-16
