mse,mae,r2,evs
0.0009517339266859096,0.030326303550714653,-14.135708216587382,2.220446049250313e-16
