mse,mae,r2,evs
0.0009421927247158042,0.03009227251089258,-11.72046312802705,0.0
