mse,mae,r2,evs
0.000936228955048094,0.029925558410084815,-12.264296158163557,-2.220446049250313e-16
