mse,mae,r2,evs
7.280313881325138e-05,0.0033219217349106773,0.06711162464143727,0.14841552326303942
