mse,mae,r2,evs
5.5756786971549504e-05,0.003167851479544156,0.0842804570652832,0.1751212517072397
