mse,mae,r2,evs
0.0009360147061202285,0.030035982135950698,-10.859134010949175,2.220446049250313e-16
