mse,mae,r2,evs
4.9307943430341784e-05,0.002986572868816953,0.1017201293321548,0.19251364353191147
