mse,mae,r2,evs
0.0009367094276867421,0.030096955893964456,-12.819359760005018,-2.220446049250313e-16
