mse,mae,r2,evs
0.0009335507959241991,0.029969355829931967,-11.09754720792764,2.220446049250313e-16
