mse,mae,r2,evs
0.0009452723619591084,0.030098420761113624,-12.63888790903072,0.0
