mse,mae,r2,evs
0.0009464491596686372,0.03021273419749657,-15.092791169546825,0.0
