mse,mae,r2,evs
7.785590391038012e-05,0.003535163667000415,0.07308384744619578,0.1669465994408048
