mse,mae,r2,evs
0.000950476361048328,0.030287507132104374,-14.812390562801662,0.0
