mse,mae,r2,evs
0.0009539212851389608,0.030379274954032517,-13.804817690422539,0.0
