mse,mae,r2,evs
0.0009447592876347664,0.030149761208954472,-11.736043707485557,0.0
