mse,mae,r2,evs
0.0009506418358855201,0.030245176280233994,-12.97382826277154,0.0
