mse,mae,r2,evs
7.402564884001447e-05,0.0034751082993916657,0.054114778023561794,0.14093546418366754
