mse,mae,r2,evs
0.000949826667104766,0.03026044138035398,-12.886537010073527,-2.220446049250313e-16
