mse,mae,r2,evs
0.0009466617420614493,0.03019453370095767,-11.37482511208044,0.0
