mse,mae,r2,evs
0.000947947246642634,0.030219378154664234,-13.172271141198113,-2.220446049250313e-16
