mse,mae,r2,evs
6.02541663153501e-05,0.0031782040451901997,0.05843016064856099,0.14221883829921655
