mse,mae,r2,evs
5.965752557393239e-05,0.003042677541602913,0.08598804205050914,0.1552362526862392
