mse,mae,r2,evs
0.0009482190941820541,0.030239340990485596,-13.91065952314911,0.0
