mse,mae,r2,evs
0.000962102654106572,0.030529455153056387,-14.774585615951647,0.0
