mse,mae,r2,evs
0.0009262200491202876,0.02983256469565216,-13.630461719269308,0.0
