,mse,mae,r2,evs
1,0.0009598382071456987,0.030459386520335655,-15.811295965906144,0.0
2,0.0009329487739075622,0.029895644091617372,-10.141790351707863,0.0
3,0.000947217926305581,0.03020394281396481,-11.91284863697917,0.0
4,0.0009549481014525017,0.030411195479410888,-13.993382234608697,0.0
5,0.000936228955048094,0.029925558410084815,-12.264296158163557,-2.220446049250313e-16
6,0.0009335507959241991,0.029969355829931967,-11.09754720792764,2.220446049250313e-16
7,0.000950476361048328,0.030287507132104374,-14.812390562801662,0.0
8,0.0009482190941820541,0.030239340990485596,-13.91065952314911,0.0
