,mse,mae,r2,evs
1,4.671741168424762e-05,0.0029006559931420636,0.10873553220584531,0.19352296576500028
2,7.788503121154906e-05,0.0034861575549498904,0.09017937110804786,0.17529109161723122
3,7.610840723214916e-05,0.0034952374855740744,0.05380826506330727,0.13774870210499968
4,7.45191630972007e-05,0.0034234347196894182,0.0590322904204984,0.14206274497434523
5,5.045421261273522e-05,0.002992855618652205,0.0775075626480346,0.16576620005579323
6,4.9307943430341784e-05,0.002986572868816953,0.1017201293321548,0.19251364353191147
7,7.402564884001447e-05,0.0034751082993916657,0.054114778023561794,0.14093546418366754
8,6.02541663153501e-05,0.0031782040451901997,0.05843016064856099,0.14221883829921655
