,mse,mae,r2,evs
1,0.0009451150300015758,0.030166943937045283,-12.41788476958708,0.0
2,0.000951886754901203,0.030312701378177355,-16.537520188919274,0.0
3,0.0009415915591121016,0.030086065227282296,-11.595233483476985,0.0
4,0.0009402693381626577,0.030029036494074738,-11.874866156551356,0.0
5,0.0009421927247158042,0.03009227251089258,-11.72046312802705,0.0
6,0.0009367094276867421,0.030096955893964456,-12.819359760005018,-2.220446049250313e-16
7,0.000949826667104766,0.03026044138035398,-12.886537010073527,-2.220446049250313e-16
8,0.000947947246642634,0.030219378154664234,-13.172271141198113,-2.220446049250313e-16
