,mse,mae,r2,evs
1,0.0009414011125208737,0.030019403782891186,-11.76410947015552,0.0
2,0.0009383226608616408,0.029978100778354343,-13.789376791577618,0.0
3,0.0009435896155497971,0.030170092266213182,-13.51529206159215,0.0
4,0.0009363459102486186,0.02995314248802511,-10.694462534398214,0.0
5,0.0009517339266859096,0.030326303550714653,-14.135708216587382,2.220446049250313e-16
6,0.0009360147061202285,0.030035982135950698,-10.859134010949175,2.220446049250313e-16
7,0.0009539212851389608,0.030379274954032517,-13.804817690422539,0.0
8,0.000962102654106572,0.030529455153056387,-14.774585615951647,0.0
