,mse,mae,r2,evs
1,0.0009416150615848905,0.0299631343247443,-11.944731616730584,2.220446049250313e-16
2,0.0009318465288652152,0.02990584230324835,-11.52789942551559,-2.220446049250313e-16
3,0.0009540588312204354,0.030393638462682802,-14.490816981421785,0.0
4,0.0009470671218529897,0.03024346456936152,-12.823766086640681,0.0
5,0.0009509597669371673,0.030328404438544655,-14.08866726391619,2.220446049250313e-16
6,0.0009464491596686372,0.03021273419749657,-15.092791169546825,0.0
7,0.0009447592876347664,0.030149761208954472,-11.736043707485557,0.0
8,0.0009466617420614493,0.03019453370095767,-11.37482511208044,0.0
