,mse,mae,r2,evs
1,7.10479442358218e-05,0.0035069366427709038,0.06342875592976671,0.15654030707887945
2,5.973628232042505e-05,0.0031666473434113175,0.07411504870530583,0.1603996105526856
3,5.932923591477515e-05,0.0031145952616854107,0.06748901509957361,0.15021765779476115
4,5.309879334249211e-05,0.0030839461140651225,0.07419117045721568,0.15762764639989346
5,7.280313881325138e-05,0.0033219217349106773,0.06711162464143727,0.14841552326303942
6,5.5756786971549504e-05,0.003167851479544156,0.0842804570652832,0.1751212517072397
7,7.785590391038012e-05,0.003535163667000415,0.07308384744619578,0.1669465994408048
8,5.965752557393239e-05,0.003042677541602913,0.08598804205050914,0.1552362526862392
