mse,mae,r2,evs
4788.225152955854,47.81324046604695,0.8230067300302638,0.8255598832604362
