mse,mae,r2,evs
4524.4238553867945,48.39819213936236,0.8289535143977901,0.8292175187569274
