mse,mae,r2,evs
4873.050433905431,48.13632859983694,0.8186678830044927,0.8193789892134533
