mse,mae,r2,evs
4459.374057465027,46.77282881748193,0.8330490882911925,0.8337085910073028
