mse,mae,r2,evs
4372.119723559306,46.61195916318431,0.8404624209422562,0.8406699549112852
