mse,mae,r2,evs
4578.32505225593,46.74044099508848,0.8284404683948341,0.8288782705469806
