mse,mae,r2,evs
5008.29425810354,49.81182327773293,0.8156034417382041,0.8164064682313464
