mse,mae,r2,evs
4781.717796174855,48.95567884007884,0.8261827304121864,0.8269034703459743
