mse,mae,r2,evs
4985.502250084518,49.14665539809713,0.819662070492777,0.8206446899157395
