mse,mae,r2,evs
4695.954280434461,47.660968892177685,0.8290176943425969,0.8324567780181924
