mse,mae,r2,evs
5042.358073879825,49.83370009622173,0.815542471736002,0.8162357513689149
