mse,mae,r2,evs
5247.578201717889,48.600032998330526,0.8138032404935864,0.8159011162792542
