mse,mae,r2,evs
4689.604772234335,48.083332472055005,0.8253222838530984,0.8262223912090515
