mse,mae,r2,evs
5008.139713172051,49.234467897005885,0.8177013515801632,0.8191438072766224
