mse,mae,r2,evs
4540.358679896687,46.798391041297684,0.8301585025925005,0.8309433798767263
