mse,mae,r2,evs
4385.55352084473,46.36099247291254,0.8325823590500074,0.8328649847805742
