mse,mae,r2,evs
5053.900343265859,50.42957038260239,0.8079101169547124,0.8081514667393934
