mse,mae,r2,evs
4815.647821542774,48.75916693428283,0.8249358341125329,0.8269054382453579
