mse,mae,r2,evs
5091.95243854722,49.105757522411665,0.8196605329366404,0.8206428949262776
