mse,mae,r2,evs
4383.81242144208,46.22840100351619,0.8394330145256732,0.8402706648636471
