mse,mae,r2,evs
5331.406819362881,50.57886439524562,0.811579607352876,0.812548491575767
