mse,mae,r2,evs
4680.306231669259,47.943818095021435,0.8263984978038735,0.8284993021331069
