mse,mae,r2,evs
4865.932485130761,49.00644588477034,0.81733956484706,0.8177476734755915
