mse,mae,r2,evs
5323.579276070252,49.80249418586588,0.805579359356084,0.8064511989610694
