mse,mae,r2,evs
4825.861157560071,46.8728899704698,0.8229321313795699,0.824331669150403
