mse,mae,r2,evs
4984.642304440282,49.28138448628029,0.8077228157745269,0.8086933584589234
