mse,mae,r2,evs
5493.0659741947275,50.70193218703642,0.8054641879532896,0.8079255786381757
