mse,mae,r2,evs
4575.178607895364,46.98158841935469,0.8350169164383339,0.8363978091044684
