mse,mae,r2,evs
4595.216058568603,46.86129508417603,0.8249691065161391,0.8252073832839317
