mse,mae,r2,evs
4644.7966917053745,47.74214003921464,0.8219956903885373,0.8227210066917977
