mse,mae,r2,evs
4855.874168399479,48.49806082032376,0.8247562225839672,0.8256921333183593
