mse,mae,r2,evs
4843.649803599865,48.404581988557545,0.8181560451542935,0.8189476056659238
