mse,mae,r2,evs
4582.166664541662,46.997385832561704,0.8327616425231964,0.8340078671032004
