mse,mae,r2,evs
4490.032155639229,46.20358789382076,0.8299088423634465,0.8302326454466238
