mse,mae,r2,evs
4649.730069183199,47.24201776009574,0.826158697880212,0.8269525183611336
