mse,mae,r2,evs
5005.996518644543,48.81684272311217,0.8165461113158075,0.817661263982737
