mse,mae,r2,evs
4754.236076820724,48.13921205231521,0.830817083198687,0.8333335912256441
