mse,mae,r2,evs
4754.122349473374,47.68325482938039,0.8287579627076637,0.8295880081381295
