mse,mae,r2,evs
5076.847893755245,49.35813544597719,0.8147072368411761,0.8163181113586573
