mse,mae,r2,evs
4799.026863562651,47.08473513128039,0.8216829462419938,0.8220117407383389
