mse,mae,r2,evs
4639.129043630115,47.02896785181552,0.8265793702119258,0.8267095065604401
