mse,mae,r2,evs
5060.17370876538,48.52486231167259,0.8151842445901861,0.8160700793866461
