mse,mae,r2,evs
4975.289393510148,49.40724030594448,0.8174341894366893,0.8192609152972495
