mse,mae,r2,evs
4641.69556100834,47.85323914147027,0.8257936320656627,0.8265696728335694
