mse,mae,r2,evs
4813.823471575565,48.20343360053128,0.8241513676084697,0.8245716344953382
