mse,mae,r2,evs
4808.216717091121,48.96134564326574,0.8234696610648431,0.8240579596535892
