mse,mae,r2,evs
4830.097790959521,48.5478203903875,0.8250282618994026,0.8260546353812475
