mse,mae,r2,evs
5027.276674481533,48.69887073844585,0.819696863067592,0.8212927948652762
