,mse,mae,r2,evs
1,4459.374057465027,46.77282881748193,0.8330490882911925,0.8337085910073028
2,4695.954280434461,47.660968892177685,0.8290176943425969,0.8324567780181924
3,5053.900343265859,50.42957038260239,0.8079101169547124,0.8081514667393934
4,4383.81242144208,46.22840100351619,0.8394330145256732,0.8402706648636471
5,5493.0659741947275,50.70193218703642,0.8054641879532896,0.8079255786381757
6,5005.996518644543,48.81684272311217,0.8165461113158075,0.817661263982737
7,4639.129043630115,47.02896785181552,0.8265793702119258,0.8267095065604401
8,4813.823471575565,48.20343360053128,0.8241513676084697,0.8245716344953382
