,mse,mae,r2,evs
1,4372.119723559306,46.61195916318431,0.8404624209422562,0.8406699549112852
2,5247.578201717889,48.600032998330526,0.8138032404935864,0.8159011162792542
3,4385.55352084473,46.36099247291254,0.8325823590500074,0.8328649847805742
4,5331.406819362881,50.57886439524562,0.811579607352876,0.812548491575767
5,4984.642304440282,49.28138448628029,0.8077228157745269,0.8086933584589234
6,4843.649803599865,48.404581988557545,0.8181560451542935,0.8189476056659238
7,4754.236076820724,48.13921205231521,0.830817083198687,0.8333335912256441
8,4641.69556100834,47.85323914147027,0.8257936320656627,0.8265696728335694
