,mse,mae,r2,evs
1,4873.050433905431,48.13632859983694,0.8186678830044927,0.8193789892134533
2,5042.358073879825,49.83370009622173,0.815542471736002,0.8162357513689149
3,5008.139713172051,49.234467897005885,0.8177013515801632,0.8191438072766224
4,4680.306231669259,47.943818095021435,0.8263984978038735,0.8284993021331069
5,4575.178607895364,46.98158841935469,0.8350169164383339,0.8363978091044684
6,4490.032155639229,46.20358789382076,0.8299088423634465,0.8302326454466238
7,5060.17370876538,48.52486231167259,0.8151842445901861,0.8160700793866461
8,4808.216717091121,48.96134564326574,0.8234696610648431,0.8240579596535892
