,mse,mae,r2,evs
1,4788.225152955854,47.81324046604695,0.8230067300302638,0.8255598832604362
2,4985.502250084518,49.14665539809713,0.819662070492777,0.8206446899157395
3,4815.647821542774,48.75916693428283,0.8249358341125329,0.8269054382453579
4,4865.932485130761,49.00644588477034,0.81733956484706,0.8177476734755915
5,4595.216058568603,46.86129508417603,0.8249691065161391,0.8252073832839317
6,4855.874168399479,48.49806082032376,0.8247562225839672,0.8256921333183593
7,4799.026863562651,47.08473513128039,0.8216829462419938,0.8220117407383389
8,4830.097790959521,48.5478203903875,0.8250282618994026,0.8260546353812475
