,mse,mae,r2,evs
1,4578.32505225593,46.74044099508848,0.8284404683948341,0.8288782705469806
2,4781.717796174855,48.95567884007884,0.8261827304121864,0.8269034703459743
3,4689.604772234335,48.083332472055005,0.8253222838530984,0.8262223912090515
4,5091.95243854722,49.105757522411665,0.8196605329366404,0.8206428949262776
5,4644.7966917053745,47.74214003921464,0.8219956903885373,0.8227210066917977
6,4649.730069183199,47.24201776009574,0.826158697880212,0.8269525183611336
7,5076.847893755245,49.35813544597719,0.8147072368411761,0.8163181113586573
8,5027.276674481533,48.69887073844585,0.819696863067592,0.8212927948652762
