mse,mae
0.000996622104394538,0.031046533047047787
