mse,mae
0.000988285990855592,0.030894772264415324
