mse,mae
0.000977539999003556,0.03066950451463024
