mse,mae
0.000982042787039378,0.030778314566282078
