mse,mae
0.0009809277482484857,0.03071950891912872
