mse,mae
0.0009580734475617018,0.030364504217497108
