mse,mae
0.0009876860276149594,0.030916122272262224
