mse,mae
0.0009683102603126299,0.03042780566226453
