mse,mae,r2,evs
4544.4569864612995,45.83987183149035,0.8338762547139418,0.8339166554513494
