mse,mae,r2,evs
4208.393985406069,44.96685593626102,0.8439978381613344,0.844001315904215
