mse,mae,r2,evs
4409.915568357218,46.01479341733225,0.8360813150446527,0.8360813153313187
