mse,mae,r2,evs
4728.823061406396,47.06066898070883,0.8261433202663624,0.8261913188810237
