mse,mae,r2,evs
4744.2297586319255,47.124150271623186,0.8341511846826326,0.8341867472726848
