mse,mae,r2,evs
4456.972493732965,46.41066607198711,0.8358439737225408,0.8359162685678935
