mse,mae,r2,evs
4655.794818474339,46.9308024796271,0.8312102010276563,0.8312141956378938
