mse,mae,r2,evs
4414.095669023964,46.28885870694566,0.8378587367446543,0.837865558548968
