mse,mae,r2,evs
4516.168415716244,46.4149462431927,0.8358895060520707,0.8358895203671992
