mse,mae,r2,evs
4535.707608413052,47.108125002518335,0.8335924123537494,0.8335928895040161
