mse,mae,r2,evs
4313.071967620693,45.11902465809225,0.839483299649622,0.8397640298886123
