mse,mae,r2,evs
4692.718180655869,47.19955265933124,0.8279977804071906,0.8279989374419391
