mse,mae,r2,evs
4477.703305759519,46.62976475943778,0.8399457980858663,0.8400957364527359
