mse,mae,r2,evs
3919.2351149975257,44.74899479791503,0.8532547156787453,0.8532684304573689
