mse,mae,r2,evs
4523.499584725694,46.22261471376291,0.8317396797662162,0.8317397570378897
