mse,mae,r2,evs
4164.085871099859,45.59631912585325,0.8440095243189716,0.8440279413753395
