mse,mae,r2,evs
4444.675293260442,45.97525844172514,0.8353584351899986,0.8354648769861981
