mse,mae,r2,evs
4831.048901506727,49.513572755695016,0.817087427129766,0.8176158595567703
