mse,mae,r2,evs
4730.981021421412,47.683534657219894,0.8268506977014201,0.8268984428200935
