mse,mae,r2,evs
4187.533719160798,45.578770274555424,0.8420072353559576,0.8435018517992374
