mse,mae,r2,evs
4441.089157637247,45.64052293924313,0.8335198095590819,0.8335232504004146
