mse,mae,r2,evs
4468.865881635483,46.10064364764074,0.8366026314197459,0.8366505014941943
