mse,mae,r2,evs
3947.7564741169635,43.93135128474457,0.8468381901281119,0.8469033189233599
