mse,mae,r2,evs
4464.120764676667,46.17901978925671,0.8354281011520689,0.8358757481345006
