mse,mae,r2,evs
4698.0844002419035,48.30133960952853,0.8311737152438362,0.8312368238395338
