mse,mae,r2,evs
4926.664814032989,49.11561444647918,0.8205681179632823,0.8206530818579025
