mse,mae,r2,evs
4048.8823931798893,43.764798702918974,0.846408802657407,0.8464096343954606
