mse,mae,r2,evs
4322.182944241154,46.13574856531341,0.8377401183820641,0.8377852549969043
