mse,mae,r2,evs
4932.679669497795,48.13763977073664,0.8231238197248414,0.8235021910839876
