mse,mae,r2,evs
5206.565968836848,50.29020865584218,0.8119136073371014,0.8119154165608697
