mse,mae,r2,evs
4768.521098557989,47.3463684680628,0.8268208306534901,0.8268284264364294
