mse,mae,r2,evs
4897.648859913275,48.610718059782315,0.8229613249174723,0.823221291496298
