,mse,mae,r2,evs
1,4544.4569864612995,45.83987183149035,0.8338762547139418,0.8339166554513494
2,4655.794818474339,46.9308024796271,0.8312102010276563,0.8312141956378938
3,4516.168415716244,46.4149462431927,0.8358895060520707,0.8358895203671992
4,4164.085871099859,45.59631912585325,0.8440095243189716,0.8440279413753395
5,4730.981021421412,47.683534657219894,0.8268506977014201,0.8268984428200935
6,3947.7564741169635,43.93135128474457,0.8468381901281119,0.8469033189233599
7,4926.664814032989,49.11561444647918,0.8205681179632823,0.8206530818579025
8,5206.565968836848,50.29020865584218,0.8119136073371014,0.8119154165608697
