,mse,mae,r2,evs
1,4208.393985406069,44.96685593626102,0.8439978381613344,0.844001315904215
2,4744.2297586319255,47.124150271623186,0.8341511846826326,0.8341867472726848
3,4535.707608413052,47.108125002518335,0.8335924123537494,0.8335928895040161
4,4523.499584725694,46.22261471376291,0.8317396797662162,0.8317397570378897
5,4831.048901506727,49.513572755695016,0.817087427129766,0.8176158595567703
6,4441.089157637247,45.64052293924313,0.8335198095590819,0.8335232504004146
7,4322.182944241154,46.13574856531341,0.8377401183820641,0.8377852549969043
8,4932.679669497795,48.13763977073664,0.8231238197248414,0.8235021910839876
