,mse,mae,r2,evs
1,4728.823061406396,47.06066898070883,0.8261433202663624,0.8261913188810237
2,4456.972493732965,46.41066607198711,0.8358439737225408,0.8359162685678935
3,4313.071967620693,45.11902465809225,0.839483299649622,0.8397640298886123
4,3919.2351149975257,44.74899479791503,0.8532547156787453,0.8532684304573689
5,4444.675293260442,45.97525844172514,0.8353584351899986,0.8354648769861981
6,4464.120764676667,46.17901978925671,0.8354281011520689,0.8358757481345006
7,4698.0844002419035,48.30133960952853,0.8311737152438362,0.8312368238395338
8,4768.521098557989,47.3463684680628,0.8268208306534901,0.8268284264364294
