real_carbon_loads,predicted_carbon_loads
2.6,2.6
3.3,3.340857670879702
4.1,4.379666214310188
5.199999999999999,5.28091736215143
3.999999999999999,4.031446428647727
