real_carbon_loads,predicted_carbon_loads
2.6,2.6
3.3,3.3978452277466733
4.1,4.401866485568612
5.199999999999999,5.403614491002084
3.999999999999999,4.163190183574636
